,KSE100,Nestle_PK,Abbott_PK,Lucky_Cement,HBL_Bank,Dollar Rate,Petrol Price,New Car,Foreign Tour,Actual_Inflation_Rate
2010-01-01,9734.861071134868,562.9599609375,47.50067138671875,50.97492980957031,21.34019660949707,3.0,0.0,3.0,0.0,13.1
2010-02-01,9763.280056423611,599.0083892822265,49.797976875305174,54.66527824401855,23.334657669067383,3.0,0.0,3.0,0.0,13.0
2010-03-01,9890.897727272728,724.8785028872283,56.203653252643086,70.37670168669328,28.326610233472742,4.0,0.0,3.0,0.0,12.9
2010-04-01,10541.27283296131,909.5153364701705,59.88718050176447,73.66507027365945,27.517478769475762,3.0,0.0,3.0,0.0,13.1
2010-05-01,10061.63447265625,936.6594325474331,57.207097734723774,63.15756316412063,25.47641336350214,3.0,0.0,3.0,0.0,13.2
2010-06-01,9595.827592329546,956.3526805530895,53.37360798228871,58.62633549083363,23.924922076138582,3.0,0.0,3.0,0.0,12.7
2010-07-01,10116.128208705357,1042.8710992986505,54.54192837801847,62.05928473039107,25.448837973854758,3.0,0.0,3.0,0.0,12.9
2010-08-01,9880.833540482954,1072.5557639382102,52.45754554054954,61.1029127294367,24.654371521689676,3.0,0.0,2.0,0.0,13.2
2010-09-01,9929.474660773027,1127.9881425337358,51.3699727491899,64.69245945323597,23.743795134804465,3.0,0.0,2.0,0.0,15.7
2010-10-01,10399.309105282739,1182.4316813151042,56.651683444068546,67.07984996977306,24.704581487746466,3.0,0.0,2.0,0.0,15.3
2010-11-01,10946.23943014706,1211.1022394353693,60.18833697925914,69.62005025690252,25.826250596479937,3.0,0.0,2.0,0.0,15.5
2010-12-01,11686.278466796875,1473.843755307405,63.10533042576002,71.049444447393,28.838214210841965,3.0,0.0,3.0,0.0,14.8
2011-01-01,12368.411572265624,1692.156215122768,63.747423444475444,69.64024353027344,30.737471080961683,2.0,0.0,4.0,0.0,14.2
2011-02-01,11992.181586371527,2130.121029502467,56.23514416343287,63.80834312438965,30.2191229368511,2.0,0.0,4.0,0.0,14.1
2011-03-01,11786.835493607954,2057.0846371858015,52.00308542666228,61.953636667002804,31.117020233817723,2.0,0.0,4.0,0.0,14.0
2011-04-01,11842.759521484375,2204.8870442708335,54.95702707199823,66.11263384137835,35.30673526582264,3.0,0.0,4.0,0.0,13.9
2011-05-01,11990.826125372023,2187.5195756392045,57.850995844060726,65.72262885353781,34.64582027088512,3.0,0.0,4.0,0.0,13.8
2011-06-01,12345.127308238636,2526.955799449574,58.43790903958407,67.12590443004261,34.08325177972967,3.0,0.0,4.0,0.0,13.7
2011-07-01,12364.51796875,2774.015206473214,59.84478523617699,67.84731220063709,34.22807511829195,3.0,0.0,4.0,0.0,12.3
2011-08-01,11292.948056175595,2352.9593134341035,60.43205626114555,67.377499455991,34.04412659354832,3.0,0.0,4.0,0.0,11.5
2011-09-01,11449.278423108553,2180.9895463423295,64.1871017109264,68.9315792430531,33.91801452636719,4.0,0.0,3.0,0.0,10.4
2011-10-01,11786.0140625,2124.717459542411,65.63482284545898,75.37689790271577,33.82989865257626,4.0,0.0,4.0,0.0,11.0
2011-11-01,11810.34716796875,1887.1709039861505,65.91951734369451,77.67046078768644,33.94710904901678,3.0,0.0,4.0,0.0,11.4
2011-12-01,11317.818359375,1684.374911221591,64.52482847733931,73.86027388139205,32.35238829526034,3.0,0.0,4.0,0.0,9.7
2012-01-01,11481.43740234375,1974.1786998401988,65.44256071610884,76.28996727683328,32.58108598535711,4.0,0.0,3.0,0.0,10.1
2012-02-01,12371.33544921875,2084.1334286644346,62.62637401762463,86.05344463530041,35.36060769217355,3.0,0.0,4.0,0.0,11.0
2012-03-01,13326.5390625,2664.6903852982955,61.2395076751709,98.00189104947177,35.28428077697754,2.0,0.0,4.0,0.0,10.8
2012-04-01,13904.515478515625,2746.9516020275296,70.69278353736514,119.22495814732143,37.6012814839681,2.0,0.0,4.0,0.0,11.3
2012-05-01,14178.958565848214,2578.5040760869565,79.47622315779977,121.54835211712381,37.9246481190557,3.0,0.0,3.0,0.0,12.3
2012-06-01,13677.459542410714,2559.9991629464284,77.97102791922433,112.31480916341145,36.08364032563709,4.0,0.0,4.0,0.0,11.3
2012-07-01,14429.740048363095,2584.376942027699,92.57280072298917,118.84054565429688,38.447207884355024,3.0,0.0,5.0,0.0,9.6
2012-08-01,14941.146050347223,2615.7152046535325,129.4814210974652,122.77441373078719,39.360513604205586,3.0,0.0,5.0,0.0,9.1
2012-09-01,15362.265516493055,2609.334033203125,134.94747314453124,125.16591453552246,38.08983325958252,3.0,0.0,4.0,0.0,8.8
2012-10-01,15747.00556640625,3172.3181789232335,141.77780018682066,130.11909916089928,37.019450312075406,3.0,0.0,4.0,0.0,7.7
2012-11-01,16234.76884765625,2992.1988636363635,152.61371127041903,135.1239679509943,37.58097041736949,3.0,0.0,4.0,0.0,6.9
2012-12-01,16812.23984375,2970.1048758370534,153.85288274855841,140.63412620907738,40.561998094831196,4.0,0.0,3.0,0.0,7.9
2013-01-01,16704.109375,2961.0563221807065,143.5316400942595,143.92187367314878,40.17494682643724,4.0,0.0,3.0,0.0,8.1
2013-02-01,17731.863389756945,3132.87451171875,149.47187423706055,154.33239135742187,40.713727188110354,4.0,0.0,3.0,0.0,7.4
2013-03-01,17868.4494140625,3237.3923456101193,141.93775140671502,158.23465038481214,39.09140723092215,3.0,0.0,3.0,0.0,6.6
2013-04-01,18644.508522727272,3965.8150634765625,165.01748795942828,164.4818767200817,37.02890118685636,3.0,0.0,3.0,0.0,5.8
2013-05-01,20499.745256696428,4391.303753396739,199.17734229046366,169.79494310461956,39.0318658248238,3.0,0.0,3.0,0.0,5.1
2013-06-01,21911.71953125,4190.919262695313,225.0087905883789,189.14718475341797,45.76766490936279,3.0,0.0,4.0,0.0,5.9
2013-07-01,22946.25017755682,4131.980394446332,260.9007926609205,222.31671142578125,59.14153339551843,5.0,0.0,4.0,0.0,8.3
2013-08-01,22980.79177517361,4072.514237837358,275.92577708851206,221.11013239080256,64.6403539830988,4.0,0.0,4.0,0.0,8.5
2013-09-01,22871.8291015625,3972.5160086495534,287.4385797409784,231.77389308384485,65.3941915602911,7.0,0.0,3.0,0.0,7.4
2013-10-01,22100.867804276317,4184.289115574049,298.84389728048575,225.34864939814028,60.42970159779424,6.0,0.0,3.0,0.0,9.1
2013-11-01,23458.428385416668,5039.169480096726,303.82902454194567,253.11250668480284,64.5074484688895,5.0,0.0,3.0,0.0,10.9
2013-12-01,25117.536923363095,5630.043212890625,282.81274968927556,276.55376919833094,67.3268744728782,6.0,0.0,3.0,0.0,9.2
2014-01-01,26606.8240234375,6600.497622282609,276.9632528553838,299.0152826723845,71.26048909062925,5.0,0.0,3.0,0.0,8.8
2014-02-01,26118.2060546875,6512.4548828125,261.9943733215332,295.186262512207,67.25079383850098,4.0,0.0,3.0,0.0,7.9
2014-03-01,26909.595238095237,5810.314453125,280.58373878115697,315.0775422595796,75.2803235735212,15.0,0.0,3.0,0.0,8.5
2014-04-01,28779.972098214286,5355.373291015625,338.1520788019354,342.2065984552557,84.42650638927113,10.0,0.0,4.0,0.0,9.2
2014-05-01,28782.4115234375,5345.641512784091,364.3982335870916,337.46017178622157,85.40630652687766,6.0,0.0,4.0,0.0,8.3
2014-06-01,29366.171688988095,5343.62353515625,405.4037025088356,378.7362845284598,86.63440377371651,5.0,0.0,4.0,0.0,8.2
2014-07-01,29882.663953993055,5246.00827955163,401.5392190684443,390.74640688688856,88.3382279769234,4.0,0.0,5.0,0.0,7.9
2014-08-01,28748.65892269737,4981.223795572917,372.55283900669644,360.1999671572731,87.76747204008556,5.0,0.0,4.0,0.0,7.0
2014-09-01,29827.087797619046,5161.325284090909,407.56701244007456,378.0548303777521,94.14422364668413,5.0,0.0,3.0,0.0,7.7
2014-10-01,30083.65,5350.159519361413,430.83436518130094,387.3283107591712,98.78436378810717,4.0,0.0,4.0,0.0,5.8
2014-11-01,31328.24643841912,5711.20634765625,498.6531921386719,440.2892242431641,100.67497520446777,5.0,1.0,4.0,0.0,3.9
2014-12-01,31665.347745028408,5804.990000849185,549.6382565705673,468.83489194123644,100.67493073836617,5.0,1.0,3.0,0.0,4.3
2015-01-01,33711.6224609375,6893.82734818892,492.03160233931106,493.0218339399858,102.37560549649325,5.0,2.0,3.0,0.0,3.9
2015-02-01,34155.72347861842,6969.5375,475.20695343017576,506.43993072509767,97.91661949157715,5.0,1.0,3.0,0.0,3.2
2015-03-01,31969.343394886364,6666.974742542614,370.0526872114702,460.56409939852625,92.5396579395641,4.0,1.0,3.0,0.0,2.5
2015-04-01,32647.32347470238,6687.099254261364,387.91606695001775,458.1251650723544,91.62783223932439,4.0,1.0,3.0,0.0,2.1
2015-05-01,33029.96494654605,6702.600841703869,435.2826189313616,442.4700186593192,97.98705328078498,3.0,0.0,3.0,0.0,3.2
2015-06-01,34253.01526988636,6769.410999644886,446.9019608931108,482.7749384099787,103.09677262739702,3.0,1.0,3.0,0.0,3.1
2015-07-01,35504.96504934211,6847.0703125,496.8830513332201,543.4918743631114,111.04890574579653,3.0,0.0,4.0,0.0,1.9
2015-08-01,35253.30933779762,7196.184663318452,494.1161164783296,527.7301722935268,110.03028542654855,4.0,1.0,3.0,0.0,1.8
2015-09-01,33310.24169921875,6907.581454190341,485.76667508212,508.02535594593394,105.63375334306197,4.0,1.0,3.0,0.0,1.3
2015-10-01,33751.592240767044,6757.615633877841,489.88071372292256,521.1786582253196,103.77684159712358,3.0,0.0,3.0,0.0,1.6
2015-11-01,33899.5470703125,6032.709379650298,493.03431193033856,500.6301458449591,107.50830695742653,4.0,0.0,2.0,0.0,2.7
2015-12-01,32716.92345610119,5235.70900560462,465.9996271548064,477.0713713272758,106.66404724121094,4.0,1.0,3.0,0.0,3.2
2016-01-01,31718.59220805921,5083.894228980655,446.9690900530134,478.9845668247768,95.704588390532,3.0,1.0,3.0,0.0,3.3
2016-02-01,31574.393503289473,4859.750744047619,473.80541846865697,474.71472894577755,95.81366657075428,3.0,1.0,3.0,0.0,4.0
2016-03-01,32730.9560546875,4560.604662024457,466.62422644573707,508.1186563243037,93.74169291620669,3.0,1.0,3.0,0.0,3.9
2016-04-01,33840.19084821428,5046.013439360119,483.548086983817,543.5127185639881,91.86605762300037,3.0,0.0,3.0,0.0,4.2
2016-05-01,36128.39490327381,4907.038640802557,506.53847434303975,576.1120494495739,99.59116883711381,3.0,0.0,3.0,0.0,3.2
2016-06-01,37637.2265625,5086.87519975142,505.7760758833452,607.778622713956,101.27153812755238,3.0,0.0,4.0,0.0,3.2
2016-07-01,39024.78837316176,5083.016671316965,593.1786150251116,660.8302001953125,110.32568541027251,2.0,0.0,5.0,0.0,4.1
2016-08-01,39742.245244565216,5107.609990658967,594.2539142111074,677.53722879161,116.89117796524711,2.0,0.0,3.0,0.0,3.6
2016-09-01,40152.685267857145,5193.979869495739,616.0169289328835,643.2815856933594,120.48779262195934,3.0,0.0,3.0,0.0,3.9
2016-10-01,40990.51097470238,5511.989071800595,612.7580944242932,663.5718819754464,120.86909775506882,2.0,0.0,3.0,0.0,4.2
2016-11-01,42394.68043154762,5974.495205965909,657.5715942382812,697.3394914106889,130.15454621748492,3.0,0.0,2.0,0.0,3.8
2016-12-01,45876.64527529762,6219.39277787642,701.765927401456,792.9158824573864,138.27339484474876,3.0,0.0,3.0,0.0,3.7
2017-01-01,49223.8068359375,6466.586847478693,749.2513566450639,843.0416675914418,148.0624604658647,3.0,0.0,3.0,0.0,3.7
2017-02-01,49416.26007401316,6401.610009765625,761.6298126220703,836.6422119140625,148.07362060546876,3.0,1.0,3.0,0.0,4.2
2017-03-01,48869.46963778409,6391.892684273098,729.6448019276495,849.0480930494225,156.65785217285156,2.0,1.0,3.0,0.0,4.9
2017-04-01,48436.96813322369,6671.066186523438,739.3443939208985,839.1619598388672,149.97701110839844,2.0,1.0,3.0,0.0,4.8
2017-05-01,51146.54743303572,6989.704844599185,715.7454595151155,912.9641299040421,165.80349333389947,2.0,0.0,3.0,0.0,5.0
2017-06-01,47860.788194444445,7316.952525745739,718.9131941361861,808.2167497114701,145.99028570001775,2.0,1.0,3.0,0.0,3.9
2017-07-01,45177.3990234375,7349.747140066965,696.8203154064361,728.4911121186756,141.11805071149553,4.0,1.0,3.0,0.0,2.9
2017-08-01,44036.697088068184,7950.370647927989,639.6349328082541,639.232397991678,124.48313273554263,3.0,1.0,3.0,0.0,3.4
2017-09-01,42271.31414473684,8964.02357700893,618.3053705124628,575.8747965494791,102.73813047863189,3.0,1.0,3.0,0.0,3.9
2017-10-01,40927.188920454544,9182.592151988636,604.4145036177201,505.89659257368606,97.54702654751864,3.0,1.0,3.0,0.0,3.8
2017-11-01,40673.39415922619,8482.222678444603,562.8064380992543,497.1442371715199,95.14127245816317,3.0,1.0,2.0,0.0,4.0
2017-12-01,39138.62088815789,8643.321986607143,526.9265529087612,468.1341058640253,92.95196496872674,6.0,1.0,2.0,0.0,4.6
2018-01-01,43542.08556547619,8334.189198369566,525.419838283373,586.1295006793479,111.99828736678414,6.0,1.0,2.0,0.0,4.4
2018-02-01,43517.285807291664,8507.433740234375,541.3065338134766,591.0217590332031,116.04620590209962,5.0,1.0,2.0,0.0,3.8
2018-03-01,43994.05546875,9110.328657670454,533.1238694624467,633.8912270285866,119.06697984175248,7.0,1.0,2.0,0.0,3.2
2018-04-01,45908.25892857143,9393.91001674107,583.0780116489956,669.8177780877976,118.47273472377232,7.0,1.0,2.0,0.0,3.7
2018-05-01,43081.692708333336,9062.812627377718,561.4470851732337,577.2473967179009,101.00306734831437,6.0,1.0,2.0,0.0,4.2
2018-06-01,42825.385416666664,8829.362025669643,572.394400024414,518.7706253051758,102.18784561157227,9.0,2.0,2.0,0.0,5.2
2018-07-01,40937.8724609375,7985.691073330966,554.2977600097656,486.982929576527,97.63044669411399,22.0,2.0,2.0,0.0,5.8
2018-08-01,42492.76768092105,7673.768979279891,550.5036594556725,549.1127505095109,91.70555380116339,17.0,1.0,2.0,0.0,5.8
2018-09-01,41018.33363970588,7218.718579101563,499.0392761230469,499.1066146850586,86.82757110595703,9.0,2.0,3.0,0.0,5.1
2018-10-01,39149.45940896739,6868.410368546196,448.3378601074219,446.5487299380095,79.62663534413214,22.0,2.0,2.0,0.0,6.8
2018-11-01,41197.583984375,6926.31855912642,472.44059337269175,486.94250072132456,82.95430720936169,14.0,2.0,2.0,0.0,6.5
2018-12-01,38330.12623355263,6734.195661272322,464.09498814174106,462.87950352260043,75.8600565592448,18.0,2.0,2.0,0.0,6.2
2019-01-01,39398.80375744047,6265.320227581522,532.3309631347656,450.9423549486243,80.72378274668817,17.0,2.0,2.0,0.0,7.2
2019-02-01,40300.694444444445,6607.359790039062,566.3736328125,476.15333862304686,82.94411010742188,10.0,1.0,2.0,0.0,8.2
2019-03-01,38867.07310267857,5988.235560825893,533.8609778994605,437.38323393322173,80.51817285446893,9.0,2.0,2.0,0.0,9.4
2019-04-01,37152.67206101191,5741.188898259943,474.56393155184657,385.6328416304155,74.87805245139383,13.0,3.0,2.0,0.0,8.8
2019-05-01,34862.9775390625,5541.74753736413,403.1333180303159,369.13666169539744,73.92477980903958,27.0,6.0,2.0,0.0,9.1
2019-06-01,34731.349365234375,5266.341235351562,398.9649917602539,389.89347686767576,73.60575332641602,27.0,3.0,2.0,0.0,8.9
2019-07-01,33074.509232954544,4943.412809952446,345.4343182107677,372.448474386464,71.69257620106573,31.0,2.0,2.0,0.0,10.3
2019-08-01,30536.62282986111,4612.65263227983,304.3752455277876,348.8020768599077,67.92505940524015,20.0,4.0,2.0,0.0,10.5
2019-09-01,31396.467339409723,4429.271205357143,280.46426972888764,342.4347708565848,71.96059926350911,19.0,3.0,2.0,0.0,11.4
2019-10-01,33592.64852241848,4585.060674252717,284.995897376019,353.68086309018344,78.14242022970448,13.0,2.0,2.0,0.0,11.0
2019-11-01,37071.2251953125,4995.349516369048,323.44251650855654,387.28294445219495,84.77867489769345,12.0,1.0,2.0,0.0,12.7
2019-12-01,40721.3271484375,5980.096635298295,384.7738467129794,416.09623579545456,97.20167749578303,13.0,1.0,2.0,0.0,12.6
2020-01-01,42444.92224702381,6220.41506029212,365.5167939559273,471.59539794921875,102.86495042883831,12.0,2.0,2.0,0.0,14.6
2020-02-01,39794.158203125,5916.019287109375,325.1813507080078,468.6965957641602,98.95415420532227,10.0,2.0,2.0,0.0,12.4
2020-03-01,33590.011067708336,5489.316472833807,305.7737468372692,434.20031322132456,78.81521120938388,19.0,5.0,2.0,0.0,10.2
2020-04-01,31922.421781994046,4672.081787109375,339.7954559326172,419.8597578568892,65.18289566040039,20.0,7.0,1.0,0.0,8.5
2020-05-01,33747.63037109375,5094.942685081845,394.0991705031622,444.48067946661087,60.50348063877651,15.0,6.0,2.0,0.0,8.2
2020-06-01,34200.28622159091,5138.719637784091,506.57555597478694,445.72514898126775,62.429207194935195,15.0,9.0,2.0,0.0,8.6
2020-07-01,36958.60695684524,5262.50830078125,537.1057633109715,514.9579865828804,68.7572371441385,14.0,3.0,2.0,0.0,9.3
2020-08-01,40246.17578125,4935.302780877976,581.8727068219866,594.4598621186756,80.66977982293992,13.0,2.0,2.0,0.0,8.2
2020-09-01,41929.138764880954,5290.284690163352,673.3358514959162,635.8066378506747,83.73193428733133,13.0,1.0,2.0,0.0,9.0
2020-10-01,40483.23084077381,5132.30595259233,650.5312389026989,642.8557545055043,84.648813421076,17.0,1.0,2.0,0.0,8.9
2020-11-01,40504.7767578125,5106.484212239583,644.6735345749628,649.4931640625,81.81920042492095,26.0,2.0,2.0,0.0,8.3
2020-12-01,42892.73400297619,5347.498089334239,672.6898113748301,668.8799624235734,83.54529140306556,15.0,2.0,2.0,0.0,8.0
2021-01-01,45781.38815789474,5269.046502976191,651.5499703543527,688.9467046828497,88.20543452671596,11.0,3.0,3.0,0.0,5.7
2021-02-01,46299.52777777778,5001.428759765625,662.132601928711,777.1996215820312,82.85768699645996,11.0,4.0,2.0,0.0,8.7
2021-03-01,44999.48158482143,4746.096233865489,647.3210157311481,825.6663951044497,76.73049429188605,20.0,2.0,2.0,0.0,9.1
2021-04-01,44883.455357142855,4643.470259232955,657.2739479758523,831.8551330566406,77.07555805553089,24.0,1.0,2.0,0.0,11.1
2021-05-01,45773.89118303572,4545.755580357143,708.5534202938989,873.6723778134301,83.34872218540737,17.0,2.0,2.0,0.0,10.9
2021-06-01,48026.35067471591,4631.96016068892,715.7930242365056,890.6720719770951,86.13909149169922,14.0,2.0,3.0,0.0,9.7
2021-07-01,47571.70703125,4750.283824573864,708.1723660555753,879.3547391024503,83.86863951249556,14.0,3.0,2.0,0.0,8.4
2021-08-01,47441.53824013158,4727.983287464489,702.228066184304,839.6302573464134,84.19481589577414,16.0,2.0,2.0,0.0,8.4
2021-09-01,46543.3974609375,4866.250088778409,720.6891534978694,747.8586287064986,77.52324641834606,19.0,3.0,2.0,0.0,9.0
2021-10-01,46543.3974609375,4791.452032180059,722.8072190057663,678.0600149972098,78.84154728480748,23.0,12.0,2.0,0.0,9.2
2021-11-01,46543.3974609375,4737.221124822443,709.5219282670455,730.753212668679,83.63453535600142,25.0,10.0,2.0,0.0,11.5
2021-12-01,46543.3974609375,4541.18556810462,671.2724768597146,657.4852825662364,79.97981063179348,20.0,4.0,2.0,0.0,12.3
2022-01-01,46543.3974609375,4598.535830543155,690.1152895972842,670.1722005208334,81.21236238025483,18.0,3.0,2.0,0.0,13.0
2022-02-01,46543.3974609375,4679.5615234375,672.5907928466797,662.5682495117187,81.94834976196289,17.0,10.0,2.0,0.0,12.2
2022-03-01,46543.3974609375,4611.994034476902,653.392941682235,583.4882069463315,76.9096739395805,19.0,5.0,2.0,0.0,12.7
2022-04-01,46543.3974609375,4787.142345610119,655.9159051804315,584.0897333054315,77.88676234654018,41.0,8.0,2.0,0.0,13.4
2022-05-01,46543.3974609375,4889.850719105114,633.9852849786931,502.58404541015625,74.31191531094638,49.0,9.0,2.0,0.0,13.8
2022-06-01,46543.3974609375,4901.617032137784,635.6503684303977,447.0107505104759,68.29498880559748,53.0,34.0,2.0,0.0,21.3
2022-07-01,46543.3974609375,4972.947219122024,622.2915445963541,423.85447765531995,63.956883566720144,70.0,19.0,2.0,0.0,24.9
2022-08-01,46543.3974609375,5234.999639096467,597.26281472911,471.81905066448707,66.63872511490531,100.0,19.0,2.0,0.0,27.3
2022-09-01,46543.3974609375,4955.270885120739,578.8725696910511,494.8508508855646,61.157122351906516,68.0,10.0,2.0,0.0,23.2
2022-10-01,46543.3974609375,5118.911830357143,575.7413475399926,497.52950759161087,51.57234046572731,77.0,12.0,2.0,0.0,26.6
2022-11-01,46543.3974609375,5090.497381036932,555.4385431463069,475.96763749556106,50.8045843297785,36.0,4.0,2.0,0.0,23.8
2022-12-01,46543.3974609375,4889.733220880682,485.82993108575994,436.90715581720525,48.22656041925604,30.0,8.0,2.0,0.0,24.5
2023-01-01,46543.3974609375,4814.790261008523,391.3620425137606,406.0305744517933,48.410012158480555,48.0,14.0,3.0,0.0,27.5
2023-02-01,46543.3974609375,4712.868408203125,395.27875366210935,407.6072113037109,55.60776424407959,70.0,20.0,2.0,0.0,31.5
2023-03-01,46543.3974609375,4604.419603430707,395.9506132706352,403.1402906334919,55.37913994167162,63.0,9.0,1.0,0.0,35.4
2023-04-01,46543.3974609375,4681.167700195312,396.32205963134766,393.09556274414064,56.41002140045166,49.0,11.0,2.0,0.0,36.4
2023-05-01,46543.3974609375,5566.40480638587,391.8048201851223,459.33512148649794,57.10736913266389,53.0,14.0,2.0,0.0,38.0
2023-06-01,46543.3974609375,5987.09306196733,377.667123967951,505.9830044833097,54.409549019553445,48.0,13.0,1.0,0.0,29.4
2023-07-01,46543.3974609375,6119.640671502976,400.0107232956659,563.2606259300595,62.53062275477818,53.0,8.0,2.0,0.0,28.3
2023-08-01,46543.3974609375,6620.917650305707,390.37550287661344,591.6538935122283,79.31592692499575,48.0,20.0,2.0,0.0,27.4
2023-09-01,46543.3974609375,6572.218354724702,348.9965442475818,539.8252447219122,75.20868428548177,94.0,21.0,1.0,0.0,31.4
2023-10-01,46543.3974609375,6692.002485795455,369.2931698885831,587.3450123180043,75.47341988303445,88.0,32.0,1.0,0.0,26.9
2023-11-01,46543.3974609375,7533.787642045455,426.82048866965556,705.43911188299,80.16122401844372,51.0,16.0,1.0,0.0,29.2
2023-12-01,46543.3974609375,7810.49609375,467.45262218656995,780.5850306919643,95.36457970028832,33.0,14.0,2.0,0.0,29.7
2024-01-01,46543.3974609375,7718.042735224185,435.750940737517,759.9978664232337,93.45056417713995,25.0,11.0,2.0,0.0,28.3
2024-02-01,46543.3974609375,7530.490161132812,440.09351654052733,723.4764099121094,90.6649154663086,16.0,11.0,1.0,0.0,23.1
2024-03-01,46543.3974609375,7143.8787841796875,454.5372009277344,750.6920196533204,91.08283729553223,15.0,8.0,1.0,0.0,20.7
2024-04-01,46543.3974609375,7135.404711914062,527.8998819986979,800.2995334201389,94.71518792046442,14.0,7.0,1.0,0.0,17.3
2024-05-01,46543.3974609375,6908.220370205966,646.4431845925071,863.4445856267756,95.47445539994673,13.0,10.0,2.0,0.0,11.8
2024-06-01,46543.3974609375,6681.078383501838,693.4783145680148,902.4220437442555,96.59800989487591,10.0,11.0,1.0,0.0,12.6
2024-07-01,46543.3974609375,6593.596403702446,760.1788250467051,900.7123598845109,116.7327711685844,10.0,6.0,1.0,0.0,11.1
2024-08-01,46543.3974609375,6563.608258928572,731.7798490978423,845.5471423921131,112.05251711890811,9.0,5.0,1.0,0.0,9.6
2024-09-01,46543.3974609375,6626.249395461309,753.3903256370908,855.5304943266369,105.10744912283761,9.0,7.0,1.0,0.0,6.9
2024-10-01,46543.3974609375,6462.535198709239,808.7553631326426,874.0280708644701,117.56380595331606,8.0,6.0,1.0,0.0,7.2
2024-11-01,46543.3974609375,6329.872860863095,977.2849557059152,999.0766281854538,125.2886210850307,8.0,4.0,1.0,0.0,6.8
2024-12-01,46543.3974609375,6898.00185546875,1162.9892150878907,1125.5089111328125,147.5726745605469,7.0,3.0,1.0,0.0,6.5
